[{"Numero_da_matricula":1,"Nome_Completo":"Rosabel Samples","Email":"rsamples0@netlog.com","Data_de_nascimento":"1998-01-17","Setor":"Marketing","ramal":5088},
{"Numero_da_matricula":2,"Nome_Completo":"Selene Murrock","Email":"smurrock1@simplemachines.org","Data_de_nascimento":"1992-11-20","Setor":"Engineering","ramal":8405},
{"Numero_da_matricula":3,"Nome_Completo":"Neils Hamper","Email":"nhamper2@photobucket.com","Data_de_nascimento":"1996-07-04","Setor":"Human Resources","ramal":4355},
{"Numero_da_matricula":4,"Nome_Completo":"Nita Kubacek","Email":"nkubacek3@businessweek.com","Data_de_nascimento":"1992-12-28","Setor":"Sales","ramal":2751},
{"Numero_da_matricula":5,"Nome_Completo":"Florenza Sharkey","Email":"fsharkey4@weather.com","Data_de_nascimento":"1992-02-03","Setor":"Research and Development","ramal":5203},
{"Numero_da_matricula":6,"Nome_Completo":"Marchelle Balogun","Email":"mbalogun5@ebay.co.uk","Data_de_nascimento":"1991-06-08","Setor":"Engineering","ramal":7144},
{"Numero_da_matricula":7,"Nome_Completo":"Katharina Kerridge","Email":"kkerridge6@slashdot.org","Data_de_nascimento":"1976-09-15","Setor":"Accounting","ramal":1904},
{"Numero_da_matricula":8,"Nome_Completo":"Chucho Guiett","Email":"cguiett7@reverbnation.com","Data_de_nascimento":"1999-12-30","Setor":"Marketing","ramal":2091},
{"Numero_da_matricula":9,"Nome_Completo":"Brock Claisse","Email":"bclaisse8@reference.com","Data_de_nascimento":"1989-09-23","Setor":"Marketing","ramal":2262},
{"Numero_da_matricula":10,"Nome_Completo":"Ilaire Mapam","Email":"imapam9@gravatar.com","Data_de_nascimento":"1989-01-27","Setor":"Legal","ramal":5876},
{"Numero_da_matricula":11,"Nome_Completo":"Rosmunda Flowers","Email":"rflowersa@google.ca","Data_de_nascimento":"1990-01-11","Setor":"Marketing","ramal":3778},
{"Numero_da_matricula":12,"Nome_Completo":"Ursulina Letterick","Email":"uletterickb@live.com","Data_de_nascimento":"1992-10-26","Setor":"Accounting","ramal":2489},
{"Numero_da_matricula":13,"Nome_Completo":"Myrvyn Clawson","Email":"mclawsonc@biblegateway.com","Data_de_nascimento":"1991-05-21","Setor":"Legal","ramal":9468},
{"Numero_da_matricula":14,"Nome_Completo":"Andria Michell","Email":"amichelld@scribd.com","Data_de_nascimento":"1983-12-29","Setor":"Business Development","ramal":6817},
{"Numero_da_matricula":15,"Nome_Completo":"Patsy McCaffery","Email":"pmccafferye@shutterfly.com","Data_de_nascimento":"1989-12-15","Setor":"Sales","ramal":7609},
{"Numero_da_matricula":16,"Nome_Completo":"Basia Immings","Email":"bimmingsf@salon.com","Data_de_nascimento":"2003-06-23","Setor":"Research and Development","ramal":5786},
{"Numero_da_matricula":17,"Nome_Completo":"Brandi Davenport","Email":"bdavenportg@rediff.com","Data_de_nascimento":"1997-08-19","Setor":"Legal","ramal":9336},
{"Numero_da_matricula":18,"Nome_Completo":"Alys Kerfod","Email":"akerfodh@creativecommons.org","Data_de_nascimento":"2002-09-01","Setor":"Human Resources","ramal":7075},
{"Numero_da_matricula":19,"Nome_Completo":"Julia Clubbe","Email":"jclubbei@mozilla.com","Data_de_nascimento":"2000-12-04","Setor":"Training","ramal":6418},
{"Numero_da_matricula":20,"Nome_Completo":"Brander Redfern","Email":"bredfernj@senate.gov","Data_de_nascimento":"1996-07-05","Setor":"Marketing","ramal":7658},
{"Numero_da_matricula":21,"Nome_Completo":"Caryl Leckey","Email":"cleckeyk@dell.com","Data_de_nascimento":"1998-04-13","Setor":"Support","ramal":6821},
{"Numero_da_matricula":22,"Nome_Completo":"Eamon Fenemore","Email":"efenemorel@harvard.edu","Data_de_nascimento":"1991-01-21","Setor":"Accounting","ramal":6801},
{"Numero_da_matricula":23,"Nome_Completo":"Trudy Tourot","Email":"ttourotm@unesco.org","Data_de_nascimento":"1998-01-04","Setor":"Support","ramal":1087},
{"Numero_da_matricula":24,"Nome_Completo":"Noell Jestico","Email":"njesticon@mapquest.com","Data_de_nascimento":"1993-11-20","Setor":"Accounting","ramal":7377},
{"Numero_da_matricula":25,"Nome_Completo":"Franciskus Leveritt","Email":"fleveritto@sakura.ne.jp","Data_de_nascimento":"1982-11-03","Setor":"Accounting","ramal":9868},
{"Numero_da_matricula":26,"Nome_Completo":"Ewen Bunyard","Email":"ebunyardp@engadget.com","Data_de_nascimento":"1991-11-24","Setor":"Training","ramal":5638},
{"Numero_da_matricula":27,"Nome_Completo":"Tasia Dalligan","Email":"tdalliganq@paypal.com","Data_de_nascimento":"1980-12-03","Setor":"Marketing","ramal":5405},
{"Numero_da_matricula":28,"Nome_Completo":"Marena Abadam","Email":"mabadamr@accuweather.com","Data_de_nascimento":"1995-03-12","Setor":"Support","ramal":3306},
{"Numero_da_matricula":29,"Nome_Completo":"Benny Lombardo","Email":"blombardos@reverbnation.com","Data_de_nascimento":"1987-10-17","Setor":"Sales","ramal":8468},
{"Numero_da_matricula":30,"Nome_Completo":"Chico Jiranek","Email":"cjiranekt@sfgate.com","Data_de_nascimento":"1991-10-16","Setor":"Legal","ramal":2323},
{"Numero_da_matricula":31,"Nome_Completo":"Alysia Kaaskooper","Email":"akaaskooperu@ezinearticles.com","Data_de_nascimento":"1985-11-29","Setor":"Legal","ramal":9416},
{"Numero_da_matricula":32,"Nome_Completo":"Jaclin Monteaux","Email":"jmonteauxv@si.edu","Data_de_nascimento":"1979-01-14","Setor":"Human Resources","ramal":2088},
{"Numero_da_matricula":33,"Nome_Completo":"Roxanna Syfax","Email":"rsyfaxw@alexa.com","Data_de_nascimento":"2000-06-18","Setor":"Business Development","ramal":2322},
{"Numero_da_matricula":34,"Nome_Completo":"Munroe Tafani","Email":"mtafanix@networksolutions.com","Data_de_nascimento":"1986-02-04","Setor":"Legal","ramal":1494},
{"Numero_da_matricula":35,"Nome_Completo":"Siusan Dutnell","Email":"sdutnelly@ucsd.edu","Data_de_nascimento":"1992-09-18","Setor":"Services","ramal":1746},
{"Numero_da_matricula":36,"Nome_Completo":"Sayer Volette","Email":"svolettez@gov.uk","Data_de_nascimento":"1996-01-03","Setor":"Accounting","ramal":3392},
{"Numero_da_matricula":37,"Nome_Completo":"Jammal Guitel","Email":"jguitel10@answers.com","Data_de_nascimento":"1982-12-15","Setor":"Support","ramal":3579},
{"Numero_da_matricula":38,"Nome_Completo":"Burk Jakubovitch","Email":"bjakubovitch11@chron.com","Data_de_nascimento":"1990-02-12","Setor":"Product Management","ramal":8261},
{"Numero_da_matricula":39,"Nome_Completo":"Zea Maplethorpe","Email":"zmaplethorpe12@squidoo.com","Data_de_nascimento":"1987-12-17","Setor":"Business Development","ramal":9785},
{"Numero_da_matricula":40,"Nome_Completo":"Rudy Zima","Email":"rzima13@mail.ru","Data_de_nascimento":"1996-02-01","Setor":"Support","ramal":2176},
{"Numero_da_matricula":41,"Nome_Completo":"Brody Klimowicz","Email":"bklimowicz14@cdc.gov","Data_de_nascimento":"2003-03-16","Setor":"Support","ramal":7158},
{"Numero_da_matricula":42,"Nome_Completo":"Read Trammel","Email":"rtrammel15@npr.org","Data_de_nascimento":"1986-01-27","Setor":"Accounting","ramal":6932},
{"Numero_da_matricula":43,"Nome_Completo":"Ritchie Govini","Email":"rgovini16@walmart.com","Data_de_nascimento":"1978-03-29","Setor":"Accounting","ramal":7970},
{"Numero_da_matricula":44,"Nome_Completo":"Hedda Elcomb","Email":"helcomb17@godaddy.com","Data_de_nascimento":"1987-08-18","Setor":"Product Management","ramal":4095},
{"Numero_da_matricula":45,"Nome_Completo":"Teador Duffield","Email":"tduffield18@webnode.com","Data_de_nascimento":"1979-02-05","Setor":"Engineering","ramal":4713},
{"Numero_da_matricula":46,"Nome_Completo":"Evey Macallam","Email":"emacallam19@facebook.com","Data_de_nascimento":"1986-01-14","Setor":"Human Resources","ramal":5001},
{"Numero_da_matricula":47,"Nome_Completo":"Alyda Jeves","Email":"ajeves1a@google.nl","Data_de_nascimento":"2003-10-12","Setor":"Accounting","ramal":6740},
{"Numero_da_matricula":48,"Nome_Completo":"Willamina Gomm","Email":"wgomm1b@ebay.com","Data_de_nascimento":"1986-03-18","Setor":"Services","ramal":2386},
{"Numero_da_matricula":49,"Nome_Completo":"Kerrin Whaymand","Email":"kwhaymand1c@epa.gov","Data_de_nascimento":"1996-03-20","Setor":"Legal","ramal":5033},
{"Numero_da_matricula":50,"Nome_Completo":"Tammy Maes","Email":"tmaes1d@senate.gov","Data_de_nascimento":"1992-04-27","Setor":"Research and Development","ramal":4814},
{"Numero_da_matricula":51,"Nome_Completo":"Ruttger Elacoate","Email":"relacoate1e@prweb.com","Data_de_nascimento":"1983-05-25","Setor":"Engineering","ramal":9375},
{"Numero_da_matricula":52,"Nome_Completo":"Carol Ratley","Email":"cratley1f@disqus.com","Data_de_nascimento":"1983-08-01","Setor":"Accounting","ramal":4697},
{"Numero_da_matricula":53,"Nome_Completo":"Karon Churchouse","Email":"kchurchouse1g@google.com.br","Data_de_nascimento":"1999-07-13","Setor":"Sales","ramal":5897},
{"Numero_da_matricula":54,"Nome_Completo":"Serge Duffyn","Email":"sduffyn1h@rediff.com","Data_de_nascimento":"1997-12-31","Setor":"Sales","ramal":7928},
{"Numero_da_matricula":55,"Nome_Completo":"Tobit Umpleby","Email":"tumpleby1i@yolasite.com","Data_de_nascimento":"2003-12-07","Setor":"Business Development","ramal":7771},
{"Numero_da_matricula":56,"Nome_Completo":"Megen Kings","Email":"mkings1j@timesonline.co.uk","Data_de_nascimento":"1990-04-07","Setor":"Product Management","ramal":3893},
{"Numero_da_matricula":57,"Nome_Completo":"Eirena Andreasson","Email":"eandreasson1k@upenn.edu","Data_de_nascimento":"2001-04-13","Setor":"Research and Development","ramal":2867},
{"Numero_da_matricula":58,"Nome_Completo":"Daren Altoft","Email":"daltoft1l@flavors.me","Data_de_nascimento":"1995-09-23","Setor":"Engineering","ramal":1104},
{"Numero_da_matricula":59,"Nome_Completo":"Dalton Sokale","Email":"dsokale1m@uol.com.br","Data_de_nascimento":"1993-07-09","Setor":"Sales","ramal":9776},
{"Numero_da_matricula":60,"Nome_Completo":"Luigi Janoschek","Email":"ljanoschek1n@technorati.com","Data_de_nascimento":"1987-07-26","Setor":"Accounting","ramal":7105},
{"Numero_da_matricula":61,"Nome_Completo":"Lezlie Leveret","Email":"lleveret1o@youtu.be","Data_de_nascimento":"1983-03-15","Setor":"Accounting","ramal":9032},
{"Numero_da_matricula":62,"Nome_Completo":"Becca Brownell","Email":"bbrownell1p@sciencedirect.com","Data_de_nascimento":"1985-05-07","Setor":"Product Management","ramal":4272},
{"Numero_da_matricula":63,"Nome_Completo":"Rod Quelch","Email":"rquelch1q@dropbox.com","Data_de_nascimento":"1996-05-24","Setor":"Training","ramal":9767},
{"Numero_da_matricula":64,"Nome_Completo":"Cale Gateshill","Email":"cgateshill1r@google.it","Data_de_nascimento":"1996-05-16","Setor":"Training","ramal":6238},
{"Numero_da_matricula":65,"Nome_Completo":"Tierney Ashleigh","Email":"tashleigh1s@blogger.com","Data_de_nascimento":"1987-12-16","Setor":"Business Development","ramal":9573},
{"Numero_da_matricula":66,"Nome_Completo":"Donovan Melanaphy","Email":"dmelanaphy1t@usnews.com","Data_de_nascimento":"1993-09-29","Setor":"Research and Development","ramal":4114},
{"Numero_da_matricula":67,"Nome_Completo":"Gaynor Ganter","Email":"gganter1u@jugem.jp","Data_de_nascimento":"2001-07-26","Setor":"Legal","ramal":5800},
{"Numero_da_matricula":68,"Nome_Completo":"Ilse Glanester","Email":"iglanester1v@cnbc.com","Data_de_nascimento":"1996-10-20","Setor":"Services","ramal":7813},
{"Numero_da_matricula":69,"Nome_Completo":"Bryon Papps","Email":"bpapps1w@home.pl","Data_de_nascimento":"1990-04-24","Setor":"Support","ramal":5927},
{"Numero_da_matricula":70,"Nome_Completo":"Abdul Duns","Email":"aduns1x@google.ca","Data_de_nascimento":"1993-03-24","Setor":"Research and Development","ramal":8623},
{"Numero_da_matricula":71,"Nome_Completo":"Aleksandr Harcus","Email":"aharcus1y@macromedia.com","Data_de_nascimento":"1991-04-05","Setor":"Human Resources","ramal":8238},
{"Numero_da_matricula":72,"Nome_Completo":"Deerdre Quested","Email":"dquested1z@ucoz.com","Data_de_nascimento":"1987-09-11","Setor":"Human Resources","ramal":1191},
{"Numero_da_matricula":73,"Nome_Completo":"Klarika Grayston","Email":"kgrayston20@wisc.edu","Data_de_nascimento":"1997-04-11","Setor":"Human Resources","ramal":9423},
{"Numero_da_matricula":74,"Nome_Completo":"Rickert Endricci","Email":"rendricci21@about.com","Data_de_nascimento":"1980-12-23","Setor":"Accounting","ramal":9034},
{"Numero_da_matricula":75,"Nome_Completo":"Kelli Whittleton","Email":"kwhittleton22@who.int","Data_de_nascimento":"1986-08-09","Setor":"Support","ramal":4797},
{"Numero_da_matricula":76,"Nome_Completo":"Vincenty Clemes","Email":"vclemes23@barnesandnoble.com","Data_de_nascimento":"1981-06-25","Setor":"Business Development","ramal":4623},
{"Numero_da_matricula":77,"Nome_Completo":"Perkin Byram","Email":"pbyram24@unesco.org","Data_de_nascimento":"1987-05-26","Setor":"Research and Development","ramal":1610},
{"Numero_da_matricula":78,"Nome_Completo":"Henry Scargill","Email":"hscargill25@sun.com","Data_de_nascimento":"1996-01-11","Setor":"Training","ramal":1553},
{"Numero_da_matricula":79,"Nome_Completo":"Beale Tufts","Email":"btufts26@weather.com","Data_de_nascimento":"2003-07-15","Setor":"Marketing","ramal":3592},
{"Numero_da_matricula":80,"Nome_Completo":"Drew Berisford","Email":"dberisford27@meetup.com","Data_de_nascimento":"1994-04-05","Setor":"Product Management","ramal":9144},
{"Numero_da_matricula":81,"Nome_Completo":"Alida Crippill","Email":"acrippill28@bravesites.com","Data_de_nascimento":"1977-05-08","Setor":"Research and Development","ramal":4168},
{"Numero_da_matricula":82,"Nome_Completo":"Marshal Prinne","Email":"mprinne29@exblog.jp","Data_de_nascimento":"2001-01-15","Setor":"Research and Development","ramal":9325},
{"Numero_da_matricula":83,"Nome_Completo":"Marla Karolowski","Email":"mkarolowski2a@cyberchimps.com","Data_de_nascimento":"1989-04-01","Setor":"Research and Development","ramal":3424},
{"Numero_da_matricula":84,"Nome_Completo":"Alwyn Stanfield","Email":"astanfield2b@arstechnica.com","Data_de_nascimento":"1978-04-04","Setor":"Marketing","ramal":1121},
{"Numero_da_matricula":85,"Nome_Completo":"Gustav Everington","Email":"geverington2c@cnet.com","Data_de_nascimento":"1988-01-20","Setor":"Research and Development","ramal":3207},
{"Numero_da_matricula":86,"Nome_Completo":"Bruis Matlock","Email":"bmatlock2d@lulu.com","Data_de_nascimento":"1976-06-28","Setor":"Legal","ramal":8911},
{"Numero_da_matricula":87,"Nome_Completo":"Sophia Meffen","Email":"smeffen2e@google.com","Data_de_nascimento":"1982-04-06","Setor":"Marketing","ramal":8821},
{"Numero_da_matricula":88,"Nome_Completo":"Munmro Breede","Email":"mbreede2f@mediafire.com","Data_de_nascimento":"1982-06-16","Setor":"Research and Development","ramal":3804},
{"Numero_da_matricula":89,"Nome_Completo":"Mathian Norris","Email":"mnorris2g@google.it","Data_de_nascimento":"1993-02-11","Setor":"Accounting","ramal":1731},
{"Numero_da_matricula":90,"Nome_Completo":"Dierdre Blanning","Email":"dblanning2h@nationalgeographic.com","Data_de_nascimento":"2003-07-21","Setor":"Sales","ramal":7250},
{"Numero_da_matricula":91,"Nome_Completo":"Nicol Baynham","Email":"nbaynham2i@ning.com","Data_de_nascimento":"1976-03-13","Setor":"Legal","ramal":1587},
{"Numero_da_matricula":92,"Nome_Completo":"Lisetta Parnell","Email":"lparnell2j@soup.io","Data_de_nascimento":"1981-10-27","Setor":"Sales","ramal":6609},
{"Numero_da_matricula":93,"Nome_Completo":"Emmanuel Coulter","Email":"ecoulter2k@psu.edu","Data_de_nascimento":"1992-02-16","Setor":"Product Management","ramal":4806},
{"Numero_da_matricula":94,"Nome_Completo":"Reinaldos Cocher","Email":"rcocher2l@wix.com","Data_de_nascimento":"1975-04-21","Setor":"Legal","ramal":1214},
{"Numero_da_matricula":95,"Nome_Completo":"Tremaine Ruzicka","Email":"truzicka2m@telegraph.co.uk","Data_de_nascimento":"1996-03-27","Setor":"Services","ramal":8098},
{"Numero_da_matricula":96,"Nome_Completo":"Fee Bredgeland","Email":"fbredgeland2n@printfriendly.com","Data_de_nascimento":"1989-08-24","Setor":"Legal","ramal":2836},
{"Numero_da_matricula":97,"Nome_Completo":"Gloriana Pinckstone","Email":"gpinckstone2o@canalblog.com","Data_de_nascimento":"1977-09-13","Setor":"Business Development","ramal":2635},
{"Numero_da_matricula":98,"Nome_Completo":"Rock Everil","Email":"reveril2p@reference.com","Data_de_nascimento":"1983-05-21","Setor":"Support","ramal":5349},
{"Numero_da_matricula":99,"Nome_Completo":"Dara Ceschelli","Email":"dceschelli2q@pen.io","Data_de_nascimento":"1985-02-02","Setor":"Legal","ramal":5515},
{"Numero_da_matricula":100,"Nome_Completo":"Rhonda Eckly","Email":"reckly2r@t.co","Data_de_nascimento":"2002-10-23","Setor":"Human Resources","ramal":6294},
{"Numero_da_matricula":101,"Nome_Completo":"Peta Pykerman","Email":"ppykerman2s@usa.gov","Data_de_nascimento":"1985-12-21","Setor":"Human Resources","ramal":4461},
{"Numero_da_matricula":102,"Nome_Completo":"Dru Islip","Email":"dislip2t@blinklist.com","Data_de_nascimento":"1980-12-24","Setor":"Engineering","ramal":5243},
{"Numero_da_matricula":103,"Nome_Completo":"Frayda Edsall","Email":"fedsall2u@bigcartel.com","Data_de_nascimento":"2000-03-31","Setor":"Research and Development","ramal":1222},
{"Numero_da_matricula":104,"Nome_Completo":"Lora Kremer","Email":"lkremer2v@time.com","Data_de_nascimento":"1990-05-19","Setor":"Training","ramal":6368},
{"Numero_da_matricula":105,"Nome_Completo":"Chelsae Schultes","Email":"cschultes2w@latimes.com","Data_de_nascimento":"1982-08-26","Setor":"Research and Development","ramal":8561},
{"Numero_da_matricula":106,"Nome_Completo":"Kaylil Basil","Email":"kbasil2x@w3.org","Data_de_nascimento":"1979-08-12","Setor":"Human Resources","ramal":6671},
{"Numero_da_matricula":107,"Nome_Completo":"Mar Hender","Email":"mhender2y@163.com","Data_de_nascimento":"1998-10-28","Setor":"Human Resources","ramal":7109},
{"Numero_da_matricula":108,"Nome_Completo":"Cary Bambrough","Email":"cbambrough2z@livejournal.com","Data_de_nascimento":"1995-05-11","Setor":"Engineering","ramal":3924},
{"Numero_da_matricula":109,"Nome_Completo":"Matthaeus Loveman","Email":"mloveman30@youtube.com","Data_de_nascimento":"1983-11-02","Setor":"Engineering","ramal":3139},
{"Numero_da_matricula":110,"Nome_Completo":"Marcos Levison","Email":"mlevison31@sohu.com","Data_de_nascimento":"2003-04-18","Setor":"Research and Development","ramal":5982},
{"Numero_da_matricula":111,"Nome_Completo":"Sampson Potteridge","Email":"spotteridge32@ihg.com","Data_de_nascimento":"1988-08-10","Setor":"Business Development","ramal":3278},
{"Numero_da_matricula":112,"Nome_Completo":"Tab Warratt","Email":"twarratt33@homestead.com","Data_de_nascimento":"1989-01-21","Setor":"Human Resources","ramal":7685},
{"Numero_da_matricula":113,"Nome_Completo":"Friedrich Fero","Email":"ffero34@ow.ly","Data_de_nascimento":"1985-03-01","Setor":"Training","ramal":6886},
{"Numero_da_matricula":114,"Nome_Completo":"Alika Gearty","Email":"agearty35@issuu.com","Data_de_nascimento":"1981-02-21","Setor":"Services","ramal":4190},
{"Numero_da_matricula":115,"Nome_Completo":"Caria Lacasa","Email":"clacasa36@sun.com","Data_de_nascimento":"1981-08-19","Setor":"Product Management","ramal":5777},
{"Numero_da_matricula":116,"Nome_Completo":"Polly Dahl","Email":"pdahl37@chicagotribune.com","Data_de_nascimento":"1984-02-17","Setor":"Support","ramal":9512},
{"Numero_da_matricula":117,"Nome_Completo":"Salvatore McLese","Email":"smclese38@blogs.com","Data_de_nascimento":"1979-01-24","Setor":"Support","ramal":2007},
{"Numero_da_matricula":118,"Nome_Completo":"Ursula Barthel","Email":"ubarthel39@utexas.edu","Data_de_nascimento":"1976-06-01","Setor":"Accounting","ramal":5366},
{"Numero_da_matricula":119,"Nome_Completo":"Stan Soffe","Email":"ssoffe3a@hatena.ne.jp","Data_de_nascimento":"1979-08-29","Setor":"Product Management","ramal":7207},
{"Numero_da_matricula":120,"Nome_Completo":"Selena Borland","Email":"sborland3b@issuu.com","Data_de_nascimento":"1978-08-29","Setor":"Product Management","ramal":6188},
{"Numero_da_matricula":121,"Nome_Completo":"Gray Edeler","Email":"gedeler3c@yelp.com","Data_de_nascimento":"1986-12-25","Setor":"Sales","ramal":7578},
{"Numero_da_matricula":122,"Nome_Completo":"Pamela Lutsch","Email":"plutsch3d@unc.edu","Data_de_nascimento":"1987-04-04","Setor":"Human Resources","ramal":7051},
{"Numero_da_matricula":123,"Nome_Completo":"Francesco Beckers","Email":"fbeckers3e@china.com.cn","Data_de_nascimento":"1983-10-24","Setor":"Sales","ramal":8382},
{"Numero_da_matricula":124,"Nome_Completo":"Rouvin Kearns","Email":"rkearns3f@tamu.edu","Data_de_nascimento":"1993-09-22","Setor":"Research and Development","ramal":6283},
{"Numero_da_matricula":125,"Nome_Completo":"Pryce Sime","Email":"psime3g@nbcnews.com","Data_de_nascimento":"1978-04-18","Setor":"Training","ramal":8298},
{"Numero_da_matricula":126,"Nome_Completo":"Alexis Stainland","Email":"astainland3h@webnode.com","Data_de_nascimento":"1978-06-14","Setor":"Product Management","ramal":5534},
{"Numero_da_matricula":127,"Nome_Completo":"Lulita Kinane","Email":"lkinane3i@hc360.com","Data_de_nascimento":"1998-11-07","Setor":"Training","ramal":6137},
{"Numero_da_matricula":128,"Nome_Completo":"Tobit MacGarvey","Email":"tmacgarvey3j@wikipedia.org","Data_de_nascimento":"1977-10-31","Setor":"Sales","ramal":7208},
{"Numero_da_matricula":129,"Nome_Completo":"Osbourne Wayper","Email":"owayper3k@nydailynews.com","Data_de_nascimento":"2002-01-04","Setor":"Human Resources","ramal":3216},
{"Numero_da_matricula":130,"Nome_Completo":"Ollie Wisdish","Email":"owisdish3l@chicagotribune.com","Data_de_nascimento":"1982-03-20","Setor":"Research and Development","ramal":5735},
{"Numero_da_matricula":131,"Nome_Completo":"Mallorie Winkell","Email":"mwinkell3m@elegantthemes.com","Data_de_nascimento":"1979-09-20","Setor":"Marketing","ramal":4380},
{"Numero_da_matricula":132,"Nome_Completo":"Phip Kilmurry","Email":"pkilmurry3n@ameblo.jp","Data_de_nascimento":"1976-09-15","Setor":"Services","ramal":5525},
{"Numero_da_matricula":133,"Nome_Completo":"Delmer Sparey","Email":"dsparey3o@jalbum.net","Data_de_nascimento":"1995-01-07","Setor":"Services","ramal":1239},
{"Numero_da_matricula":134,"Nome_Completo":"Wayland Elbourn","Email":"welbourn3p@sogou.com","Data_de_nascimento":"1986-05-17","Setor":"Support","ramal":8288},
{"Numero_da_matricula":135,"Nome_Completo":"Dorthea Robiou","Email":"drobiou3q@yale.edu","Data_de_nascimento":"1998-07-08","Setor":"Sales","ramal":9753},
{"Numero_da_matricula":136,"Nome_Completo":"Chicky Diego","Email":"cdiego3r@plala.or.jp","Data_de_nascimento":"1998-01-22","Setor":"Accounting","ramal":5546},
{"Numero_da_matricula":137,"Nome_Completo":"Lenore Whitworth","Email":"lwhitworth3s@geocities.com","Data_de_nascimento":"1984-11-25","Setor":"Support","ramal":8607},
{"Numero_da_matricula":138,"Nome_Completo":"Pattie Pieters","Email":"ppieters3t@umich.edu","Data_de_nascimento":"2002-02-15","Setor":"Legal","ramal":1129},
{"Numero_da_matricula":139,"Nome_Completo":"Whitman Hamblyn","Email":"whamblyn3u@senate.gov","Data_de_nascimento":"2001-06-10","Setor":"Human Resources","ramal":8549},
{"Numero_da_matricula":140,"Nome_Completo":"Kain Jerratsch","Email":"kjerratsch3v@slashdot.org","Data_de_nascimento":"1994-05-15","Setor":"Marketing","ramal":6660},
{"Numero_da_matricula":141,"Nome_Completo":"Noni Jacques","Email":"njacques3w@eepurl.com","Data_de_nascimento":"1976-02-26","Setor":"Services","ramal":4433},
{"Numero_da_matricula":142,"Nome_Completo":"Reese Saur","Email":"rsaur3x@buzzfeed.com","Data_de_nascimento":"1978-05-07","Setor":"Marketing","ramal":6672},
{"Numero_da_matricula":143,"Nome_Completo":"Devon Beeching","Email":"dbeeching3y@omniture.com","Data_de_nascimento":"1987-01-25","Setor":"Human Resources","ramal":8982},
{"Numero_da_matricula":144,"Nome_Completo":"Arluene Valentelli","Email":"avalentelli3z@geocities.com","Data_de_nascimento":"1977-02-15","Setor":"Research and Development","ramal":5050},
{"Numero_da_matricula":145,"Nome_Completo":"Emilia Holstein","Email":"eholstein40@tuttocitta.it","Data_de_nascimento":"1992-01-07","Setor":"Business Development","ramal":6379},
{"Numero_da_matricula":146,"Nome_Completo":"Garik Fernan","Email":"gfernan41@1688.com","Data_de_nascimento":"1996-10-20","Setor":"Human Resources","ramal":9095},
{"Numero_da_matricula":147,"Nome_Completo":"Alard Sewart","Email":"asewart42@friendfeed.com","Data_de_nascimento":"1978-08-04","Setor":"Research and Development","ramal":8285},
{"Numero_da_matricula":148,"Nome_Completo":"Aurel Kington","Email":"akington43@uol.com.br","Data_de_nascimento":"1984-11-29","Setor":"Services","ramal":4017},
{"Numero_da_matricula":149,"Nome_Completo":"Rowe Mohammed","Email":"rmohammed44@nyu.edu","Data_de_nascimento":"1989-05-13","Setor":"Human Resources","ramal":6275},
{"Numero_da_matricula":150,"Nome_Completo":"Germain Ville","Email":"gville45@cnet.com","Data_de_nascimento":"1994-08-07","Setor":"Business Development","ramal":9529}]